{
    "text": " अआई मैंने मिशकरी",
    "segments": [
        {
            "id": 0,
            "seek": 0,
            "start": 0.9400000000000002,
            "end": 2.6,
            "text": " अआई मैंने मिशकरी",
            "tokens": [
                50364,
                8485,
                227,
                3941,
                228,
                3941,
                230,
                48449,
                43372,
                31945,
                35082,
                21981,
                48449,
                33279,
                3941,
                114,
                41858,
                25411,
                31881,
                50514
            ],
            "temperature": 0.0,
            "avg_logprob": -0.7833516257149833,
            "compression_ratio": 0.8461538461538461,
            "no_speech_prob": 0.1996268332004547,
            "words": [
                {
                    "word": " अआई",
                    "start": 0.9400000000000002,
                    "end": 1.82,
                    "probability": 0.3646021584669749
                },
                {
                    "word": " मैंने",
                    "start": 1.82,
                    "end": 2.16,
                    "probability": 0.5790261387825012
                },
                {
                    "word": " मिशकरी",
                    "start": 2.16,
                    "end": 2.6,
                    "probability": 0.6973965508597237
                }
            ]
        }
    ],
    "language": "hi"
}