{
    "text": " So...",
    "segments": [
        {
            "id": 0,
            "seek": 0,
            "start": 0.0,
            "end": 1.3,
            "text": " So...",
            "tokens": [
                50364,
                407,
                485,
                50464
            ],
            "temperature": 0.0,
            "avg_logprob": -0.9756996154785156,
            "compression_ratio": 0.38461538461538464,
            "no_speech_prob": 0.3843212127685547,
            "words": [
                {
                    "word": " So...",
                    "start": 0.0,
                    "end": 1.3,
                    "probability": 0.35821467638015747
                }
            ]
        }
    ],
    "language": "en"
}